award_id,parent_award_id,award_key,incumbent,incumbent_uei,awarding_agency,awarding_sub_agency,contracting_office,naics_code,naics_description,psc_code,psc_description,set_aside,award_type,current_value_usd,potential_value_usd,obligated_usd,pop_start,pop_end,pop_potential_end,days_to_end,pop_state,source_url,last_action_date,snapshot_date,naics_source_code,award_class,vehicle_type,vehicle_competition,how_to_compete
70Z0G326PMSPL0001,,CONT_AWD_70Z0G326PMSPL0001_7008_-NONE-_-NONE-,HEURISTIC MANAGEMENT SYSTEMS INC.,SDSAQVK1JTZ8,Department of Homeland Security,U.S. Coast Guard,C5I DIVISION 2 KEARNEYSVILLE,541512,Computer Systems Design Services,DA10,IT AND TELECOM - BUSINESS APPLICATION/APPLICATION DEVELOPMENT SOFTWARE AS A SERVICE,NO SET ASIDE USED.,PURCHASE ORDER,90000.00,90000.00,90000.00,2026-04-15,2026-10-14,2026-10-14,37,WV,https://www.usaspending.gov/award/CONT_AWD_70Z0G326PMSPL0001_7008_-NONE-_-NONE-/,2026-04-13,2026-09-07,541512,standalone,,,"Not competed: this award was made without competition under an exception, so the follow-on may be awarded the same way. Ask the contracting office whether the next requirement will be solicited before pop_end."
FA701423P0005,,CONT_AWD_FA701423P0005_9700_-NONE-_-NONE-,"CRUNCHBASE, INC.",ET24JVN1XMK6,Department of Defense,Department of the Air Force,FA7014  AFDW PK,541512,Computer Systems Design Services,R425,SUPPORT- PROFESSIONAL: ENGINEERING/TECHNICAL,NO SET ASIDE USED.,PURCHASE ORDER,93069.99,119139.08,93069.99,2023-02-06,2027-02-05,2028-02-05,151,VA,https://www.usaspending.gov/award/CONT_AWD_FA701423P0005_9700_-NONE-_-NONE-/,2026-01-13,2026-09-07,541512,standalone,,,Open follow-on: the agency awards a new contract or extends this one. Track the contracting office for the solicitation and market to it before pop_end.
70RCSJ24C00000004,,CONT_AWD_70RCSJ24C00000004_7001_-NONE-_-NONE-,KONIAG DATA SOLUTIONS LLC,N19BZQQSEUV4,Department of Homeland Security,Office of Procurement Operations,CISA CONTRACTING ACTIVITY,541512,Computer Systems Design Services,DA01,IT AND TELECOM - BUSINESS APPLICATION/APPLICATION DEVELOPMENT SUPPORT SERVICES (LABOR),8(A) SOLE SOURCE,DEFINITIVE CONTRACT,653560.22,1133999.52,653560.22,2024-05-19,2027-05-18,2029-05-18,253,VA,https://www.usaspending.gov/award/CONT_AWD_70RCSJ24C00000004_7001_-NONE-_-NONE-/,2026-07-27,2026-09-07,541512,standalone,,,"8(a) sole source - eligibility required and not openly competed: the agency may award the follow-on directly to a certified 8(a) firm. Hold 8(a) status, or team with the incumbent."
FA872622C0006,,CONT_AWD_FA872622C0006_9700_-NONE-_-NONE-,"CURTISS-WRIGHT DS, INC.",JU5GNH1H5FV6,Department of Defense,Department of the Air Force,FA2291 AFLCMC C3NK,541512,Computer Systems Design Services,6930,OPERATION TRAINING DEVICES,NO SET ASIDE USED.,DEFINITIVE CONTRACT,3037666.68,3037666.68,3037666.68,2022-02-02,2027-09-30,2027-09-30,388,MA,https://www.usaspending.gov/award/CONT_AWD_FA872622C0006_9700_-NONE-_-NONE-/,2026-04-16,2026-09-07,541512,standalone,,,Open follow-on: the agency awards a new contract or extends this one. Track the contracting office for the solicitation and market to it before pop_end.
36C10A24N0013,36C10A22D0003,CONT_AWD_36C10A24N0013_3600_36C10A22D0003_3600,"DOCUMENT STORAGE SYSTEMS, INC.",EJL2XFJ1BZJ1,Department of Veterans Affairs,Department of Veterans Affairs,TECHNOLOGY ACQUISITION CENTER AUSTIN (36C10A),541512,Computer Systems Design Services,DA01,IT AND TELECOM - BUSINESS APPLICATION/APPLICATION DEVELOPMENT SUPPORT SERVICES (LABOR),,DELIVERY ORDER,110510.14,151901.95,110510.14,2023-12-18,2026-11-03,2027-11-03,57,SC,https://www.usaspending.gov/award/CONT_AWD_36C10A24N0013_3600_36C10A22D0003_3600/,2025-10-06,2026-09-07,541512,order,IDC,SINGLE AWARD,"Order under indefinite-delivery contract 36C10A22D0003, a single-award vehicle: the follow-on order goes to its holder. Compete when 36C10A22D0003 itself is recompeted, or subcontract to the holder."
693KA826F00007,693KA824D00003,CONT_AWD_693KA826F00007_6920_693KA824D00003_6920,"ADACEL SYSTEMS, INC.",CJGGL54N3FA9,Department of Transportation,Federal Aviation Administration,693KA8 SYSTEM OPERATIONS CONTRACTS,541512,Computer Systems Design Services,7B20,IT AND TELECOM - HIGH PERFORMANCE COMPUTE (HARDWARE AND PERPETUAL LICENSE SOFTWARE),,DELIVERY ORDER,648026.51,648026.51,648026.51,2025-12-01,2026-11-30,2026-11-30,84,DC,https://www.usaspending.gov/award/CONT_AWD_693KA826F00007_6920_693KA824D00003_6920/,2026-03-27,2026-09-07,541512,order,IDC,SINGLE AWARD,"Order under indefinite-delivery contract 693KA824D00003, a single-award vehicle: the follow-on order goes to its holder. Compete when 693KA824D00003 itself is recompeted, or subcontract to the holder."
693KA926F00006,693KA921D00007,CONT_AWD_693KA926F00006_6920_693KA921D00007_6920,ATAC,DCYJEYKZNYX5,Department of Transportation,Federal Aviation Administration,693KA9 CONTRACTING FOR SERVICES,541512,Computer Systems Design Services,R408,SUPPORT- PROFESSIONAL: PROGRAM MANAGEMENT/SUPPORT,,DELIVERY ORDER,2556861.00,3310581.00,2556861.00,2026-01-06,2026-12-18,2026-12-18,102,CA,https://www.usaspending.gov/award/CONT_AWD_693KA926F00006_6920_693KA921D00007_6920/,2026-06-02,2026-09-07,541512,order,IDC,SINGLE AWARD,"Order under indefinite-delivery contract 693KA921D00007, a single-award vehicle: the follow-on order goes to its holder. Compete when 693KA921D00007 itself is recompeted, or subcontract to the holder."
12314426F0033,GS35F0451V,CONT_AWD_12314426F0033_1205_GS35F0451V_4730,"LENTECH, INC",H51CAWUENRS8,Department of Agriculture,Office of the Chief Financial Officer,"USDA, OCP-POD-ACQ-MGMT-BRANCH-FTC",541512,Computer Systems Design Services,7A21,IT AND TELECOM - BUSINESS APPLICATION SOFTWARE (PERPETUAL LICENSE SOFTWARE),,DELIVERY ORDER,251655.25,251655.25,251655.25,2026-01-01,2026-12-31,2026-12-31,115,NM,https://www.usaspending.gov/award/CONT_AWD_12314426F0033_1205_GS35F0451V_4730/,2025-12-29,2026-09-07,541512,order,FSS,MULTIPLE AWARD,"Order under federal supply schedule contract GS35F0451V, a multiple-award vehicle: the follow-on order is competed among that vehicle's holders. Get onto GS35F0451V, or team with a holder, before pop_end."
697DCK26F00126,697DCK22D00002,CONT_AWD_697DCK26F00126_6920_697DCK22D00002_6920,MICROTECHNOLOGIES LLC,CL69E7KATK59,Department of Transportation,Federal Aviation Administration,697DCK REGIONAL ACQUISITIONS SVCS,541512,Computer Systems Design Services,7A20,IT AND TELECOM - APPLICATION DEVELOPMENT SOFTWARE (PERPETUAL LICENSE SOFTWARE),,DELIVERY ORDER,230447.37,230447.37,230447.37,2026-01-06,2027-01-26,2027-01-26,141,OK,https://www.usaspending.gov/award/CONT_AWD_697DCK26F00126_6920_697DCK22D00002_6920/,2026-01-06,2026-09-07,541512,order,IDC,SINGLE AWARD,"Order under indefinite-delivery contract 697DCK22D00002, a single-award vehicle: the follow-on order goes to its holder. Compete when 697DCK22D00002 itself is recompeted, or subcontract to the holder."
FA489026F0035,47QTCA21A000X,CONT_AWD_FA489026F0035_9700_47QTCA21A000X_4732,"DH TECHNOLOGIES, INC.",NKC2AB3ESFP5,Department of Defense,Department of the Air Force,FA4890  HQ ACC AMIC,541512,Computer Systems Design Services,7A20,IT AND TELECOM - APPLICATION DEVELOPMENT SOFTWARE (PERPETUAL LICENSE SOFTWARE),,BPA CALL,55360.00,55360.00,55360.00,2026-02-05,2027-02-04,2027-02-04,150,NM,https://www.usaspending.gov/award/CONT_AWD_FA489026F0035_9700_47QTCA21A000X_4732/,2026-02-05,2026-09-07,541512,order,BPA,MULTIPLE AWARD,"Order under blanket purchase agreement 47QTCA21A000X, a multiple-award vehicle: the follow-on order is competed among that vehicle's holders. Get onto 47QTCA21A000X, or team with a holder, before pop_end."
FA860425FB047,FA860425DB001,CONT_AWD_FA860425FB047_9700_FA860425DB001_9700,"DNI EMERGING TECHNOLOGIES, LLC",MKAQAB8ECG69,Department of Defense,Department of the Air Force,FA8604  AFLCMC PZI,541512,Computer Systems Design Services,DE10,"IT AND TELECOM - END USER AS A SERVICE: HELP DESK;TIER 1-2,WORKSPACE,PRINT,OUTPUT,PRODUCTIVITY TOOLS",,DELIVERY ORDER,9070246.40,13884417.60,9070246.40,2025-03-01,2027-02-28,2028-02-29,174,OH,https://www.usaspending.gov/award/CONT_AWD_FA860425FB047_9700_FA860425DB001_9700/,2026-01-28,2026-09-07,541512,order,IDC,SINGLE AWARD,"Order under indefinite-delivery contract FA860425DB001, a single-award vehicle: the follow-on order goes to its holder. Compete when FA860425DB001 itself is recompeted, or subcontract to the holder."
N0018926FL050,N6230623A0003,CONT_AWD_N0018926FL050_9700_N6230623A0003_9700,"DEVINE CONSULTING, INC.",MN5KT9NUPJE3,Department of Defense,Department of the Navy,NAVSUP FLT LOG CTR NORFOLK,541512,Computer Systems Design Services,DA01,IT AND TELECOM - BUSINESS APPLICATION/APPLICATION DEVELOPMENT SUPPORT SERVICES (LABOR),,BPA CALL,514353.40,514353.40,514353.40,2026-03-10,2027-03-16,2027-03-16,190,DC,https://www.usaspending.gov/award/CONT_AWD_N0018926FL050_9700_N6230623A0003_9700/,2026-03-10,2026-09-07,541512,order,BPA,SINGLE AWARD,"Order under blanket purchase agreement N6230623A0003, a single-award vehicle: the follow-on order goes to its holder. Compete when N6230623A0003 itself is recompeted, or subcontract to the holder."
12314425F0347,12314424G0031,CONT_AWD_12314425F0347_1205_12314424G0031_1205,GUIDEHOUSE DIGITAL LLC,WKMCZLH1KJM4,Department of Agriculture,Office of the Chief Financial Officer,"USDA, OCP-POD-ACQ-MGMT-BRANCH-FTC",541512,Computer Systems Design Services,DA10,IT AND TELECOM - BUSINESS APPLICATION/APPLICATION DEVELOPMENT SOFTWARE AS A SERVICE,NO SET ASIDE USED.,DELIVERY ORDER,41412656.48,136602745.48,41412656.48,2025-09-30,2027-03-31,2030-09-30,205,DC,https://www.usaspending.gov/award/CONT_AWD_12314425F0347_1205_12314424G0031_1205/,2026-05-28,2026-09-07,541512,order,BOA,MULTIPLE AWARD,"Order under basic ordering agreement 12314424G0031, a multiple-award vehicle: the follow-on order is competed among that vehicle's holders. Get onto 12314424G0031, or team with a holder, before pop_end."
FA890326F0030,47QTCB21D0026,CONT_AWD_FA890326F0030_9700_47QTCB21D0026_4732,"CHICKASAW STRATEGIC POINTE, LLC",NQQJBJ3BBS28,Department of Defense,Department of the Air Force,FA8903  772 ESS PK,541512,Computer Systems Design Services,DA10,IT AND TELECOM - BUSINESS APPLICATION/APPLICATION DEVELOPMENT SOFTWARE AS A SERVICE,,DELIVERY ORDER,17061957.27,76555084.08,17061957.27,2026-04-15,2027-04-14,2031-04-14,219,OK,https://www.usaspending.gov/award/CONT_AWD_FA890326F0030_9700_47QTCB21D0026_4732/,2026-04-13,2026-09-07,541512,order,GWAC,MULTIPLE AWARD,"Order under government-wide acquisition contract 47QTCB21D0026, a multiple-award vehicle: the follow-on order is competed among that vehicle's holders. Get onto 47QTCB21D0026, or team with a holder, before pop_end."
89233125FNA400675,47QTCB21D0381,CONT_AWD_89233125FNA400675_8900_47QTCB21D0381_4732,CYBERNAMIC LLC,ERWTJDMHRSD7,Department of Energy,Department of Energy,NNSA NON-MO CNTRCTNG OPS DIV,541512,Computer Systems Design Services,R499,SUPPORT- PROFESSIONAL: OTHER,8A COMPETED,DELIVERY ORDER,6769133.95,6769133.95,6769133.95,2025-01-31,2027-04-30,2027-04-30,235,DC,https://www.usaspending.gov/award/CONT_AWD_89233125FNA400675_8900_47QTCB21D0381_4732/,2026-07-08,2026-09-07,541512,order,GWAC,MULTIPLE AWARD,"Order under government-wide acquisition contract 47QTCB21D0381, a multiple-award vehicle: the follow-on order is competed among that vehicle's holders. Get onto 47QTCB21D0381, or team with a holder, before pop_end."
W91RUS26FA048,W9128Z22D0005,CONT_AWD_W91RUS26FA048_9700_W9128Z22D0005_9700,TEKSYNAP CORPORATION,C2T2JWN1D2K4,Department of Defense,Department of the Army,W6QK ACC-APG CONT CT SW SECTOR,541512,Computer Systems Design Services,R425,SUPPORT- PROFESSIONAL: ENGINEERING/TECHNICAL,,DELIVERY ORDER,267235.19,1382606.15,267235.19,2026-05-29,2027-05-28,2031-05-28,263,AZ,https://www.usaspending.gov/award/CONT_AWD_W91RUS26FA048_9700_W9128Z22D0005_9700/,2026-05-04,2026-09-07,541512,order,IDC,MULTIPLE AWARD,"Order under indefinite-delivery contract W9128Z22D0005, a multiple-award vehicle: the follow-on order is competed among that vehicle's holders. Get onto W9128Z22D0005, or team with a holder, before pop_end."
75FCMC23F0047,GS35F0475X,CONT_AWD_75FCMC23F0047_7530_GS35F0475X_4732,"MBL TECHNOLOGIES, INC.",T5B8A815YKG8,Department of Health and Human Services,Centers for Medicare and Medicaid Services,OFC OF ACQUISITION AND GRANTS MGMT,541512,Computer Systems Design Services,DJ01,IT AND TELECOM - SECURITY AND COMPLIANCE SUPPORT SERVICES (LABOR),SERVICE DISABLED VETERAN OWNED SMALL BUSINESS SET-ASIDE,DELIVERY ORDER,6896829.52,8038057.00,6896829.52,2023-06-21,2027-06-20,2028-06-20,286,VA,https://www.usaspending.gov/award/CONT_AWD_75FCMC23F0047_7530_GS35F0475X_4732/,2026-07-22,2026-09-07,541512,order,FSS,MULTIPLE AWARD,"Order under federal supply schedule contract GS35F0475X, a multiple-award vehicle: the follow-on order is competed among that vehicle's holders. Get onto GS35F0475X, or team with a holder, before pop_end."
693JK322F00016N,693JJ319A000012,CONT_AWD_693JK322F00016N_6957_693JJ319A000012_6925,GROUNDSWELL CORPORATION,JNFEJMSLMXW7,Department of Transportation,Pipeline and Hazardous Materials Safety Administration,693JK3 ACQUISITION SERVICES DIV.,541512,Computer Systems Design Services,C214,ARCHITECT AND ENGINEERING- GENERAL: MANAGEMENT ENGINEERING,SMALL BUSINESS SET ASIDE - TOTAL,BPA CALL,23285428.45,23285428.45,23285428.45,2022-07-08,2027-07-07,2027-07-07,303,VA,https://www.usaspending.gov/award/CONT_AWD_693JK322F00016N_6957_693JJ319A000012_6925/,2026-07-21,2026-09-07,541512,order,BPA,MULTIPLE AWARD,"Order under blanket purchase agreement 693JJ319A000012, a multiple-award vehicle: the follow-on order is competed among that vehicle's holders. Get onto 693JJ319A000012, or team with a holder, before pop_end."
70B02C26F00000480,70B02C20D00000019,CONT_AWD_70B02C26F00000480_7014_70B02C20D00000019_7014,"ANDURIL INDUSTRIES, INC.",KC3CH2MSK7Q3,Department of Homeland Security,U.S. Customs and Border Protection,AIR AND MARINE CONTRACTING DIVISION,541512,Computer Systems Design Services,Y1BG,CONSTRUCTION OF ELECTRONIC AND COMMUNICATIONS FACILITIES,,DELIVERY ORDER,61699632.97,61699632.97,61699632.97,2026-07-21,2027-08-01,2027-08-01,328,DC,https://www.usaspending.gov/award/CONT_AWD_70B02C26F00000480_7014_70B02C20D00000019_7014/,2026-07-21,2026-09-07,541512,order,IDC,SINGLE AWARD,"Order under indefinite-delivery contract 70B02C20D00000019, a single-award vehicle: the follow-on order goes to its holder. Compete when 70B02C20D00000019 itself is recompeted, or subcontract to the holder."
19AQMM25F0410,19AQMM18D0086,CONT_AWD_19AQMM25F0410_1900_19AQMM18D0086_1900,PERATON INC.,ZBPQEJVECCT4,Department of State,Department of State,ACQUISITIONS - AQM MOMENTUM,541512,Computer Systems Design Services,DF01,IT AND TELECOM - IT MANAGEMENT SUPPORT SERVICES (LABOR),,DELIVERY ORDER,43032208.83,43032208.83,36147630.23,2025-03-10,2027-09-09,2027-09-09,367,DC,https://www.usaspending.gov/award/CONT_AWD_19AQMM25F0410_1900_19AQMM18D0086_1900/,2026-07-27,2026-09-07,541512,order,IDC,SINGLE AWARD,"Order under indefinite-delivery contract 19AQMM18D0086, a single-award vehicle: the follow-on order goes to its holder. Compete when 19AQMM18D0086 itself is recompeted, or subcontract to the holder."
